<BackupInst xmlns="http://www.microsoft.com/GroupPolicy/GPOOperations/Manifest"><GPOGuid><![CDATA[{631B37DF-AEAF-4679-9AD1-ED3948B47D9A}]]></GPOGuid><GPODomain><![CDATA[awesome.com]]></GPODomain><GPODomainGuid><![CDATA[{99be404f-e0e4-4c8a-9671-cdd70daae8ae}]]></GPODomainGuid><GPODomainController><![CDATA[WIN-OST5JSRD26D.awesome.com]]></GPODomainController><BackupTime><![CDATA[2024-03-13T19:46:24]]></BackupTime><ID><![CDATA[{2A6D2ABC-C59C-4CD6-AC92-5D436487E025}]]></ID><Comment><![CDATA[]]></Comment><GPODisplayName><![CDATA[FTP]]></GPODisplayName></BackupInst>
