<BackupInst xmlns="http://www.microsoft.com/GroupPolicy/GPOOperations/Manifest"><GPOGuid><![CDATA[{B4D14A9E-790E-456B-84EA-0D297D436E45}]]></GPOGuid><GPODomain><![CDATA[awesome.com]]></GPODomain><GPODomainGuid><![CDATA[{99be404f-e0e4-4c8a-9671-cdd70daae8ae}]]></GPODomainGuid><GPODomainController><![CDATA[WIN-OST5JSRD26D.awesome.com]]></GPODomainController><BackupTime><![CDATA[2024-03-13T19:46:25]]></BackupTime><ID><![CDATA[{E9CD9954-DAD3-491E-9E45-37E6B9BA550A}]]></ID><Comment><![CDATA[]]></Comment><GPODisplayName><![CDATA[RDP]]></GPODisplayName></BackupInst>
