<BackupInst xmlns="http://www.microsoft.com/GroupPolicy/GPOOperations/Manifest"><GPOGuid><![CDATA[{07522CCE-4F2E-4BBB-B3A3-77737AC3594F}]]></GPOGuid><GPODomain><![CDATA[awesome.com]]></GPODomain><GPODomainGuid><![CDATA[{99be404f-e0e4-4c8a-9671-cdd70daae8ae}]]></GPODomainGuid><GPODomainController><![CDATA[WIN-OST5JSRD26D.awesome.com]]></GPODomainController><BackupTime><![CDATA[2024-03-13T19:46:26]]></BackupTime><ID><![CDATA[{94B9B92E-42AB-4674-8891-CB32CF1DD9B7}]]></ID><Comment><![CDATA[]]></Comment><GPODisplayName><![CDATA[SSH]]></GPODisplayName></BackupInst>
