<?xml version="1.0" encoding="utf-8"?>
<Files clsid="{215B2E53-57CE-475c-80FE-9EEC14635851}"><File clsid="{50BE44C8-567A-4ed1-B1D0-9234FE1F38AF}" name="tools.zip" status="tools.zip" image="2" changed="2024-03-13 19:27:23" uid="{B37788FC-1C82-4334-8C50-BC7F831C0269}" bypassErrors="1"><Properties action="U" fromPath="\\replaceme1\SharingIsCaring\tools.zip" targetPath="C:\tools.zip" readOnly="0" archive="1" hidden="0" suppress="0"/></File>
	<File clsid="{50BE44C8-567A-4ed1-B1D0-9234FE1F38AF}" name="Sysmon.exe" status="Sysmon.exe" image="2" changed="2024-03-13 19:27:14" uid="{D79A1C28-8826-4D4A-94E4-11F20927B0B3}"><Properties action="U" fromPath="\\replaceme1\SharingIsCaring\Sysmon.exe" targetPath="C:\Sysmon.exe" readOnly="0" archive="1" hidden="0" suppress="0"/></File>
	<File clsid="{50BE44C8-567A-4ed1-B1D0-9234FE1F38AF}" name="7z.msi" status="7z.msi" image="2" changed="2024-03-13 19:26:55" uid="{EC6A3188-648A-4E66-BF9E-F137ED3899AE}"><Properties action="U" fromPath="\\replaceme1\SharingIsCaring\7z.msi" targetPath="C:\7z.msi" readOnly="0" archive="1" hidden="0" suppress="0"/></File>
	<File clsid="{50BE44C8-567A-4ed1-B1D0-9234FE1F38AF}" name="modsecurity.msi" status="modsecurity.msi" image="2" changed="2024-03-13 19:27:05" uid="{0739129E-0290-485D-8E91-F44868B44FF4}"><Properties action="U" fromPath="\\replaceme1\SharingIsCaring\modsecurity.msi" targetPath="C:\modsecurity.msi" readOnly="0" archive="1" hidden="0" suppress="0"/></File>
</Files>
