<BackupInst xmlns="http://www.microsoft.com/GroupPolicy/GPOOperations/Manifest"><GPOGuid><![CDATA[{BCE79334-DB3D-433E-8BA2-8921ADA916F2}]]></GPOGuid><GPODomain><![CDATA[awesome.com]]></GPODomain><GPODomainGuid><![CDATA[{99be404f-e0e4-4c8a-9671-cdd70daae8ae}]]></GPODomainGuid><GPODomainController><![CDATA[WIN-OST5JSRD26D.awesome.com]]></GPODomainController><BackupTime><![CDATA[2024-03-13T19:46:25]]></BackupTime><ID><![CDATA[{3DE732AC-FD44-406D-85BA-7B191DC035AE}]]></ID><Comment><![CDATA[]]></Comment><GPODisplayName><![CDATA[HTTPS (IIS)]]></GPODisplayName></BackupInst>
