<BackupInst xmlns="http://www.microsoft.com/GroupPolicy/GPOOperations/Manifest"><GPOGuid><![CDATA[{F4EE0870-E221-4E37-ADD9-93D29BE1E541}]]></GPOGuid><GPODomain><![CDATA[awesome.com]]></GPODomain><GPODomainGuid><![CDATA[{99be404f-e0e4-4c8a-9671-cdd70daae8ae}]]></GPODomainGuid><GPODomainController><![CDATA[WIN-OST5JSRD26D.awesome.com]]></GPODomainController><BackupTime><![CDATA[2024-03-13T19:46:19]]></BackupTime><ID><![CDATA[{E3E48A8A-B2D0-4167-A91B-8F890533291B}]]></ID><Comment><![CDATA[]]></Comment><GPODisplayName><![CDATA[ADDS (LDAP)]]></GPODisplayName></BackupInst>
