<?xml version="1.0" encoding="utf-8"?>
<RegistrySettings clsid="{A3CCFC41-DFDB-43a5-8D26-0FE8B954DA51}"><Registry clsid="{9CD4B2F4-923D-47f5-A062-E897DD1DAD50}" name="NoNameReleaseOnDemand" status="NoNameReleaseOnDemand" image="12" changed="2022-09-16 22:43:14" uid="{CAFF684D-C43E-4B65-8007-901D9789759B}"><Properties action="U" displayDecimal="1" default="0" hive="HKEY_LOCAL_MACHINE" key="SYSTEM\CurrentControlSet\Services\NTDS\Parameters" name="NoNameReleaseOnDemand" type="REG_DWORD" value="00000001"/></Registry>
	<Registry clsid="{9CD4B2F4-923D-47f5-A062-E897DD1DAD50}" name="SMB1" status="SMB1" image="12" changed="2022-09-16 22:44:21" uid="{2E26CD72-0902-4031-9A4F-E7916B3BF5EF}"><Properties action="U" displayDecimal="1" default="0" hive="HKEY_LOCAL_MACHINE" key="SYSTEM\CurrentControlSet\Services\LanmanServer\Parameters" name="SMB1" type="REG_DWORD" value="00000000"/></Registry>
	<Registry clsid="{9CD4B2F4-923D-47f5-A062-E897DD1DAD50}" name="UseLogonCredential" status="UseLogonCredential" image="12" changed="2022-09-16 22:48:26" uid="{37700276-A1D3-46B2-8B26-52ED72E123FB}"><Properties action="U" displayDecimal="1" default="0" hive="HKEY_LOCAL_MACHINE" key="SYSTEM\CurrentControlSet\Control\SecurityProviders\WDigest" name="UseLogonCredential" type="REG_DWORD" value="00000000"/></Registry>
	<Registry clsid="{9CD4B2F4-923D-47f5-A062-E897DD1DAD50}" name="RunAsPPL" status="RunAsPPL" image="12" changed="2022-09-16 22:44:26" uid="{A33E3E7B-B4F8-4B9C-8161-79A691AFD5AC}"><Properties action="U" displayDecimal="1" default="0" hive="HKEY_LOCAL_MACHINE" key="SYSTEM\CurrentControlSet\Control\Lsa" name="RunAsPPL" type="REG_DWORD" value="00000001"/></Registry>
	<Registry clsid="{9CD4B2F4-923D-47f5-A062-E897DD1DAD50}" name="LocalAccountTokenFilterPolicy" status="LocalAccountTokenFilterPolicy" image="12" changed="2023-10-30 20:41:48" uid="{D4BBB312-E477-4F01-9E4A-B86DCC709A9A}"><Properties action="U" displayDecimal="0" default="0" hive="HKEY_LOCAL_MACHINE" key="SOFTWARE\Microsoft\Windows\CurrentVersion\Policies\System" name="LocalAccountTokenFilterPolicy" type="REG_DWORD" value="00000000"/></Registry>
</RegistrySettings>
