<?xml version="1.0" encoding="utf-8"?>
<ScheduledTasks clsid="{CC63F200-7309-4ba0-B154-A71CD118DBCC}"><ImmediateTaskV2 clsid="{9756B581-76EC-4169-9AFC-0CA8D43ADB5F}" name="Sysmon" image="0" changed="2023-11-17 20:42:07" uid="{BEC09700-DA90-40E3-B37E-1154FE579CD5}"><Properties action="C" name="Sysmon" runAs="NT AUTHORITY\System" logonType="S4U"><Task version="1.2"><RegistrationInfo><Author>LUCCDC\Administrator</Author><Description></Description></RegistrationInfo><Principals><Principal id="Author"><UserId>NT AUTHORITY\System</UserId><LogonType>S4U</LogonType><RunLevel>LeastPrivilege</RunLevel></Principal></Principals><Settings><IdleSettings><Duration>PT10M</Duration><WaitTimeout>PT1H</WaitTimeout><StopOnIdleEnd>true</StopOnIdleEnd><RestartOnIdle>false</RestartOnIdle></IdleSettings><MultipleInstancesPolicy>IgnoreNew</MultipleInstancesPolicy><DisallowStartIfOnBatteries>true</DisallowStartIfOnBatteries><StopIfGoingOnBatteries>true</StopIfGoingOnBatteries><AllowHardTerminate>true</AllowHardTerminate><StartWhenAvailable>true</StartWhenAvailable><RunOnlyIfNetworkAvailable>false</RunOnlyIfNetworkAvailable><AllowStartOnDemand>true</AllowStartOnDemand><Enabled>true</Enabled><Hidden>false</Hidden><RunOnlyIfIdle>false</RunOnlyIfIdle><WakeToRun>false</WakeToRun><ExecutionTimeLimit>P3D</ExecutionTimeLimit><Priority>7</Priority><DeleteExpiredTaskAfter>PT0S</DeleteExpiredTaskAfter></Settings><Triggers><TimeTrigger><StartBoundary>%LocalTimeXmlEx%</StartBoundary><EndBoundary>%LocalTimeXmlEx%</EndBoundary><Enabled>true</Enabled></TimeTrigger></Triggers><Actions Context="Author"><Exec><Command>C:\Sysmon.exe</Command><Arguments>-i -n -l /accepteula</Arguments></Exec>
				</Actions></Task></Properties></ImmediateTaskV2>
	<ImmediateTaskV2 clsid="{9756B581-76EC-4169-9AFC-0CA8D43ADB5F}" name="7z" image="0" changed="2023-12-02 06:05:53" uid="{62805AB5-EF00-4EB4-BE73-54A84FD68EDE}"><Properties action="C" name="7z" runAs="NT AUTHORITY\System" logonType="S4U"><Task version="1.2"><RegistrationInfo><Author>FLAMES\administrator</Author><Description></Description></RegistrationInfo><Principals><Principal id="Author"><UserId>NT AUTHORITY\System</UserId><LogonType>S4U</LogonType><RunLevel>LeastPrivilege</RunLevel></Principal></Principals><Settings><IdleSettings><Duration>PT10M</Duration><WaitTimeout>PT1H</WaitTimeout><StopOnIdleEnd>true</StopOnIdleEnd><RestartOnIdle>false</RestartOnIdle></IdleSettings><MultipleInstancesPolicy>IgnoreNew</MultipleInstancesPolicy><DisallowStartIfOnBatteries>true</DisallowStartIfOnBatteries><StopIfGoingOnBatteries>true</StopIfGoingOnBatteries><AllowHardTerminate>true</AllowHardTerminate><StartWhenAvailable>true</StartWhenAvailable><RunOnlyIfNetworkAvailable>false</RunOnlyIfNetworkAvailable><AllowStartOnDemand>true</AllowStartOnDemand><Enabled>true</Enabled><Hidden>false</Hidden><RunOnlyIfIdle>false</RunOnlyIfIdle><WakeToRun>false</WakeToRun><ExecutionTimeLimit>P3D</ExecutionTimeLimit><Priority>7</Priority><DeleteExpiredTaskAfter>PT0S</DeleteExpiredTaskAfter></Settings><Triggers><TimeTrigger><StartBoundary>%LocalTimeXmlEx%</StartBoundary><EndBoundary>%LocalTimeXmlEx%</EndBoundary><Enabled>true</Enabled></TimeTrigger></Triggers><Actions Context="Author"><Exec><Command>C:\Windows\System32\msiexec.exe</Command><Arguments>/i C:\7z.msi /qn</Arguments></Exec>
				</Actions></Task></Properties></ImmediateTaskV2>
	<ImmediateTaskV2 clsid="{9756B581-76EC-4169-9AFC-0CA8D43ADB5F}" name="Modsecurity" image="0" changed="2023-12-02 08:02:48" uid="{CE3B5A14-D49E-49DF-8C25-A69B3C603820}"><Properties action="C" name="7z" runAs="NT AUTHORITY\System" logonType="S4U"><Task version="1.2"><RegistrationInfo><Author>FLAMES\administrator</Author><Description></Description></RegistrationInfo><Principals><Principal id="Author"><UserId>NT AUTHORITY\System</UserId><LogonType>S4U</LogonType><RunLevel>LeastPrivilege</RunLevel></Principal></Principals><Settings><IdleSettings><Duration>PT10M</Duration><WaitTimeout>PT1H</WaitTimeout><StopOnIdleEnd>true</StopOnIdleEnd><RestartOnIdle>false</RestartOnIdle></IdleSettings><MultipleInstancesPolicy>IgnoreNew</MultipleInstancesPolicy><DisallowStartIfOnBatteries>true</DisallowStartIfOnBatteries><StopIfGoingOnBatteries>true</StopIfGoingOnBatteries><AllowHardTerminate>true</AllowHardTerminate><StartWhenAvailable>true</StartWhenAvailable><RunOnlyIfNetworkAvailable>false</RunOnlyIfNetworkAvailable><AllowStartOnDemand>true</AllowStartOnDemand><Enabled>true</Enabled><Hidden>false</Hidden><RunOnlyIfIdle>false</RunOnlyIfIdle><WakeToRun>false</WakeToRun><ExecutionTimeLimit>P3D</ExecutionTimeLimit><Priority>7</Priority><DeleteExpiredTaskAfter>PT0S</DeleteExpiredTaskAfter></Settings><Triggers><TimeTrigger><StartBoundary>%LocalTimeXmlEx%</StartBoundary><EndBoundary>%LocalTimeXmlEx%</EndBoundary><Enabled>true</Enabled></TimeTrigger></Triggers><Actions Context="Author"><Exec><Command>C:\Windows\System32\msiexec.exe</Command><Arguments>/i C:\modsecurity.msi /qn</Arguments></Exec>
				</Actions></Task></Properties></ImmediateTaskV2>
</ScheduledTasks>
