<BackupInst xmlns="http://www.microsoft.com/GroupPolicy/GPOOperations/Manifest"><GPOGuid><![CDATA[{60C5D7FD-DC90-4492-90F4-3F6012C1CAA4}]]></GPOGuid><GPODomain><![CDATA[awesome.com]]></GPODomain><GPODomainGuid><![CDATA[{99be404f-e0e4-4c8a-9671-cdd70daae8ae}]]></GPODomainGuid><GPODomainController><![CDATA[WIN-OST5JSRD26D.awesome.com]]></GPODomainController><BackupTime><![CDATA[2024-03-13T19:46:26]]></BackupTime><ID><![CDATA[{CB52F052-7EC5-43B2-9B38-FD4A76C1E369}]]></ID><Comment><![CDATA[]]></Comment><GPODisplayName><![CDATA[Tools]]></GPODisplayName></BackupInst>
