<BackupInst xmlns="http://www.microsoft.com/GroupPolicy/GPOOperations/Manifest"><GPOGuid><![CDATA[{825DA82A-2CB8-47E7-AB0D-278B04D9402A}]]></GPOGuid><GPODomain><![CDATA[awesome.com]]></GPODomain><GPODomainGuid><![CDATA[{99be404f-e0e4-4c8a-9671-cdd70daae8ae}]]></GPODomainGuid><GPODomainController><![CDATA[WIN-OST5JSRD26D.awesome.com]]></GPODomainController><BackupTime><![CDATA[2024-03-13T19:46:25]]></BackupTime><ID><![CDATA[{8C67DCA5-F664-44CC-BBAA-EF84CC9BF56A}]]></ID><Comment><![CDATA[]]></Comment><GPODisplayName><![CDATA[PSLogging]]></GPODisplayName></BackupInst>
