<BackupInst xmlns="http://www.microsoft.com/GroupPolicy/GPOOperations/Manifest"><GPOGuid><![CDATA[{8759F3A7-A0B0-407D-9E1C-0696D5ACF42F}]]></GPOGuid><GPODomain><![CDATA[awesome.com]]></GPODomain><GPODomainGuid><![CDATA[{99be404f-e0e4-4c8a-9671-cdd70daae8ae}]]></GPODomainGuid><GPODomainController><![CDATA[WIN-OST5JSRD26D.awesome.com]]></GPODomainController><BackupTime><![CDATA[2024-03-13T19:46:24]]></BackupTime><ID><![CDATA[{8E109BE5-063F-4D57-8227-1037A69E08CF}]]></ID><Comment><![CDATA[]]></Comment><GPODisplayName><![CDATA[HTTP (IIS)]]></GPODisplayName></BackupInst>
