<?xml version="1.0" encoding="utf-8"?>
<ScheduledTasks clsid="{CC63F200-7309-4ba0-B154-A71CD118DBCC}"><ImmediateTaskV2 clsid="{9756B581-76EC-4169-9AFC-0CA8D43ADB5F}" name="backup inetpub" image="0" changed="2023-12-04 09:10:09" uid="{E505F4A2-F4F1-4F20-A510-A667C31593B2}" userContext="0" removePolicy="0"><Properties action="C" name="backup inetpub" runAs="NT AUTHORITY\System" logonType="S4U"><Task version="1.1"><RegistrationInfo><Author>FLAMES\administrator</Author><Description></Description></RegistrationInfo><Principals><Principal id="Author"><UserId>NT AUTHORITY\System</UserId><LogonType>S4U</LogonType><RunLevel>LeastPrivilege</RunLevel></Principal></Principals><Settings><IdleSettings><Duration>PT10M</Duration><WaitTimeout>PT1H</WaitTimeout><StopOnIdleEnd>true</StopOnIdleEnd><RestartOnIdle>false</RestartOnIdle></IdleSettings><MultipleInstancesPolicy>IgnoreNew</MultipleInstancesPolicy><DisallowStartIfOnBatteries>true</DisallowStartIfOnBatteries><StopIfGoingOnBatteries>true</StopIfGoingOnBatteries><AllowHardTerminate>true</AllowHardTerminate><StartWhenAvailable>true</StartWhenAvailable><RunOnlyIfNetworkAvailable>false</RunOnlyIfNetworkAvailable><AllowStartOnDemand>true</AllowStartOnDemand><Enabled>true</Enabled><Hidden>false</Hidden><RunOnlyIfIdle>false</RunOnlyIfIdle><WakeToRun>false</WakeToRun><ExecutionTimeLimit>P3D</ExecutionTimeLimit><Priority>7</Priority><DeleteExpiredTaskAfter>PT0S</DeleteExpiredTaskAfter></Settings><Actions Context="Author"><Exec><Command>C:\windows\system32\cmd.exe </Command><Arguments>/c 7z a C:\inetpub\ftproot.zip C:\inetpub\ftproot\*</Arguments></Exec>
				</Actions><Triggers><TimeTrigger><StartBoundary>%LocalTimeXmlEx%</StartBoundary><EndBoundary>%LocalTimeXmlEx%</EndBoundary><Enabled>true</Enabled></TimeTrigger></Triggers></Task></Properties><Filters><FilterRunOnce hidden="1" not="0" bool="AND" id="{3DBDA8D4-1B8A-43C1-AA08-D4A7C641B23B}"/>
		</Filters></ImmediateTaskV2>
</ScheduledTasks>
