<BackupInst xmlns="http://www.microsoft.com/GroupPolicy/GPOOperations/Manifest"><GPOGuid><![CDATA[{9041A454-9A47-4F9C-86EB-265E3ED006FA}]]></GPOGuid><GPODomain><![CDATA[awesome.com]]></GPODomain><GPODomainGuid><![CDATA[{99be404f-e0e4-4c8a-9671-cdd70daae8ae}]]></GPODomainGuid><GPODomainController><![CDATA[WIN-OST5JSRD26D.awesome.com]]></GPODomainController><BackupTime><![CDATA[2024-03-13T19:46:24]]></BackupTime><ID><![CDATA[{42E7901C-1A05-419D-8C73-759648A0D0EA}]]></ID><Comment><![CDATA[]]></Comment><GPODisplayName><![CDATA[General]]></GPODisplayName></BackupInst>
