<BackupInst xmlns="http://www.microsoft.com/GroupPolicy/GPOOperations/Manifest"><GPOGuid><![CDATA[{7180EFFB-7D10-48F5-9582-FA35CC4DFE76}]]></GPOGuid><GPODomain><![CDATA[awesome.com]]></GPODomain><GPODomainGuid><![CDATA[{99be404f-e0e4-4c8a-9671-cdd70daae8ae}]]></GPODomainGuid><GPODomainController><![CDATA[WIN-OST5JSRD26D.awesome.com]]></GPODomainController><BackupTime><![CDATA[2024-03-13T19:46:27]]></BackupTime><ID><![CDATA[{71F9713F-A157-4065-A7B1-D5E40CBDE176}]]></ID><Comment><![CDATA[]]></Comment><GPODisplayName><![CDATA[WinRM (http)]]></GPODisplayName></BackupInst>
