<BackupInst xmlns="http://www.microsoft.com/GroupPolicy/GPOOperations/Manifest"><GPOGuid><![CDATA[{54DA69A8-B5F9-4A58-A34E-F38B564F63B9}]]></GPOGuid><GPODomain><![CDATA[awesome.com]]></GPODomain><GPODomainGuid><![CDATA[{99be404f-e0e4-4c8a-9671-cdd70daae8ae}]]></GPODomainGuid><GPODomainController><![CDATA[WIN-OST5JSRD26D.awesome.com]]></GPODomainController><BackupTime><![CDATA[2024-03-13T19:46:26]]></BackupTime><ID><![CDATA[{3F676CAA-D8F4-42F7-A046-FCB37A5EDF9A}]]></ID><Comment><![CDATA[]]></Comment><GPODisplayName><![CDATA[SMB]]></GPODisplayName></BackupInst>
