<BackupInst xmlns="http://www.microsoft.com/GroupPolicy/GPOOperations/Manifest"><GPOGuid><![CDATA[{49B789E6-9AE7-403C-80C0-A401E0F69D64}]]></GPOGuid><GPODomain><![CDATA[awesome.com]]></GPODomain><GPODomainGuid><![CDATA[{99be404f-e0e4-4c8a-9671-cdd70daae8ae}]]></GPODomainGuid><GPODomainController><![CDATA[WIN-OST5JSRD26D.awesome.com]]></GPODomainController><BackupTime><![CDATA[2024-03-13T19:46:23]]></BackupTime><ID><![CDATA[{A474E4EF-6727-40E8-87BB-5385ED5788D9}]]></ID><Comment><![CDATA[]]></Comment><GPODisplayName><![CDATA[Events]]></GPODisplayName></BackupInst>
