<Backups xmlns="http://www.microsoft.com/GroupPolicy/GPOOperations/Manifest" xmlns:mfst="http://www.microsoft.com/GroupPolicy/GPOOperations/Manifest" mfst:version="1.0"><BackupInst><GPOGuid><![CDATA[{7180EFFB-7D10-48F5-9582-FA35CC4DFE76}]]></GPOGuid><GPODomain><![CDATA[awesome.com]]></GPODomain><GPODomainGuid><![CDATA[{99be404f-e0e4-4c8a-9671-cdd70daae8ae}]]></GPODomainGuid><GPODomainController><![CDATA[WIN-OST5JSRD26D.awesome.com]]></GPODomainController><BackupTime><![CDATA[2024-03-13T19:46:27]]></BackupTime><ID><![CDATA[{71F9713F-A157-4065-A7B1-D5E40CBDE176}]]></ID><Comment><![CDATA[]]></Comment><GPODisplayName><![CDATA[WinRM (http)]]></GPODisplayName></BackupInst><BackupInst><GPOGuid><![CDATA[{60C5D7FD-DC90-4492-90F4-3F6012C1CAA4}]]></GPOGuid><GPODomain><![CDATA[awesome.com]]></GPODomain><GPODomainGuid><![CDATA[{99be404f-e0e4-4c8a-9671-cdd70daae8ae}]]></GPODomainGuid><GPODomainController><![CDATA[WIN-OST5JSRD26D.awesome.com]]></GPODomainController><BackupTime><![CDATA[2024-03-13T19:46:26]]></BackupTime><ID><![CDATA[{CB52F052-7EC5-43B2-9B38-FD4A76C1E369}]]></ID><Comment><![CDATA[]]></Comment><GPODisplayName><![CDATA[Tools]]></GPODisplayName></BackupInst><BackupInst><GPOGuid><![CDATA[{07522CCE-4F2E-4BBB-B3A3-77737AC3594F}]]></GPOGuid><GPODomain><![CDATA[awesome.com]]></GPODomain><GPODomainGuid><![CDATA[{99be404f-e0e4-4c8a-9671-cdd70daae8ae}]]></GPODomainGuid><GPODomainController><![CDATA[WIN-OST5JSRD26D.awesome.com]]></GPODomainController><BackupTime><![CDATA[2024-03-13T19:46:26]]></BackupTime><ID><![CDATA[{94B9B92E-42AB-4674-8891-CB32CF1DD9B7}]]></ID><Comment><![CDATA[]]></Comment><GPODisplayName><![CDATA[SSH]]></GPODisplayName></BackupInst><BackupInst><GPOGuid><![CDATA[{54DA69A8-B5F9-4A58-A34E-F38B564F63B9}]]></GPOGuid><GPODomain><![CDATA[awesome.com]]></GPODomain><GPODomainGuid><![CDATA[{99be404f-e0e4-4c8a-9671-cdd70daae8ae}]]></GPODomainGuid><GPODomainController><![CDATA[WIN-OST5JSRD26D.awesome.com]]></GPODomainController><BackupTime><![CDATA[2024-03-13T19:46:26]]></BackupTime><ID><![CDATA[{3F676CAA-D8F4-42F7-A046-FCB37A5EDF9A}]]></ID><Comment><![CDATA[]]></Comment><GPODisplayName><![CDATA[SMB]]></GPODisplayName></BackupInst><BackupInst><GPOGuid><![CDATA[{B4D14A9E-790E-456B-84EA-0D297D436E45}]]></GPOGuid><GPODomain><![CDATA[awesome.com]]></GPODomain><GPODomainGuid><![CDATA[{99be404f-e0e4-4c8a-9671-cdd70daae8ae}]]></GPODomainGuid><GPODomainController><![CDATA[WIN-OST5JSRD26D.awesome.com]]></GPODomainController><BackupTime><![CDATA[2024-03-13T19:46:25]]></BackupTime><ID><![CDATA[{E9CD9954-DAD3-491E-9E45-37E6B9BA550A}]]></ID><Comment><![CDATA[]]></Comment><GPODisplayName><![CDATA[RDP]]></GPODisplayName></BackupInst><BackupInst><GPOGuid><![CDATA[{825DA82A-2CB8-47E7-AB0D-278B04D9402A}]]></GPOGuid><GPODomain><![CDATA[awesome.com]]></GPODomain><GPODomainGuid><![CDATA[{99be404f-e0e4-4c8a-9671-cdd70daae8ae}]]></GPODomainGuid><GPODomainController><![CDATA[WIN-OST5JSRD26D.awesome.com]]></GPODomainController><BackupTime><![CDATA[2024-03-13T19:46:25]]></BackupTime><ID><![CDATA[{8C67DCA5-F664-44CC-BBAA-EF84CC9BF56A}]]></ID><Comment><![CDATA[]]></Comment><GPODisplayName><![CDATA[PSLogging]]></GPODisplayName></BackupInst><BackupInst><GPOGuid><![CDATA[{BCE79334-DB3D-433E-8BA2-8921ADA916F2}]]></GPOGuid><GPODomain><![CDATA[awesome.com]]></GPODomain><GPODomainGuid><![CDATA[{99be404f-e0e4-4c8a-9671-cdd70daae8ae}]]></GPODomainGuid><GPODomainController><![CDATA[WIN-OST5JSRD26D.awesome.com]]></GPODomainController><BackupTime><![CDATA[2024-03-13T19:46:25]]></BackupTime><ID><![CDATA[{3DE732AC-FD44-406D-85BA-7B191DC035AE}]]></ID><Comment><![CDATA[]]></Comment><GPODisplayName><![CDATA[HTTPS (IIS)]]></GPODisplayName></BackupInst><BackupInst><GPOGuid><![CDATA[{8759F3A7-A0B0-407D-9E1C-0696D5ACF42F}]]></GPOGuid><GPODomain><![CDATA[awesome.com]]></GPODomain><GPODomainGuid><![CDATA[{99be404f-e0e4-4c8a-9671-cdd70daae8ae}]]></GPODomainGuid><GPODomainController><![CDATA[WIN-OST5JSRD26D.awesome.com]]></GPODomainController><BackupTime><![CDATA[2024-03-13T19:46:24]]></BackupTime><ID><![CDATA[{8E109BE5-063F-4D57-8227-1037A69E08CF}]]></ID><Comment><![CDATA[]]></Comment><GPODisplayName><![CDATA[HTTP (IIS)]]></GPODisplayName></BackupInst><BackupInst><GPOGuid><![CDATA[{9041A454-9A47-4F9C-86EB-265E3ED006FA}]]></GPOGuid><GPODomain><![CDATA[awesome.com]]></GPODomain><GPODomainGuid><![CDATA[{99be404f-e0e4-4c8a-9671-cdd70daae8ae}]]></GPODomainGuid><GPODomainController><![CDATA[WIN-OST5JSRD26D.awesome.com]]></GPODomainController><BackupTime><![CDATA[2024-03-13T19:46:24]]></BackupTime><ID><![CDATA[{42E7901C-1A05-419D-8C73-759648A0D0EA}]]></ID><Comment><![CDATA[]]></Comment><GPODisplayName><![CDATA[General]]></GPODisplayName></BackupInst><BackupInst><GPOGuid><![CDATA[{631B37DF-AEAF-4679-9AD1-ED3948B47D9A}]]></GPOGuid><GPODomain><![CDATA[awesome.com]]></GPODomain><GPODomainGuid><![CDATA[{99be404f-e0e4-4c8a-9671-cdd70daae8ae}]]></GPODomainGuid><GPODomainController><![CDATA[WIN-OST5JSRD26D.awesome.com]]></GPODomainController><BackupTime><![CDATA[2024-03-13T19:46:24]]></BackupTime><ID><![CDATA[{2A6D2ABC-C59C-4CD6-AC92-5D436487E025}]]></ID><Comment><![CDATA[]]></Comment><GPODisplayName><![CDATA[FTP]]></GPODisplayName></BackupInst><BackupInst><GPOGuid><![CDATA[{49B789E6-9AE7-403C-80C0-A401E0F69D64}]]></GPOGuid><GPODomain><![CDATA[awesome.com]]></GPODomain><GPODomainGuid><![CDATA[{99be404f-e0e4-4c8a-9671-cdd70daae8ae}]]></GPODomainGuid><GPODomainController><![CDATA[WIN-OST5JSRD26D.awesome.com]]></GPODomainController><BackupTime><![CDATA[2024-03-13T19:46:23]]></BackupTime><ID><![CDATA[{A474E4EF-6727-40E8-87BB-5385ED5788D9}]]></ID><Comment><![CDATA[]]></Comment><GPODisplayName><![CDATA[Events]]></GPODisplayName></BackupInst><BackupInst><GPOGuid><![CDATA[{31B2F340-016D-11D2-945F-00C04FB984F9}]]></GPOGuid><GPODomain><![CDATA[awesome.com]]></GPODomain><GPODomainGuid><![CDATA[{99be404f-e0e4-4c8a-9671-cdd70daae8ae}]]></GPODomainGuid><GPODomainController><![CDATA[WIN-OST5JSRD26D.awesome.com]]></GPODomainController><BackupTime><![CDATA[2024-03-13T19:46:23]]></BackupTime><ID><![CDATA[{825EB97E-F15D-4ABD-9E65-29FCD7740BA4}]]></ID><Comment><![CDATA[]]></Comment><GPODisplayName><![CDATA[Default Domain Policy]]></GPODisplayName></BackupInst><BackupInst><GPOGuid><![CDATA[{6AC1786C-016F-11D2-945F-00C04fB984F9}]]></GPOGuid><GPODomain><![CDATA[awesome.com]]></GPODomain><GPODomainGuid><![CDATA[{99be404f-e0e4-4c8a-9671-cdd70daae8ae}]]></GPODomainGuid><GPODomainController><![CDATA[WIN-OST5JSRD26D.awesome.com]]></GPODomainController><BackupTime><![CDATA[2024-03-13T19:46:23]]></BackupTime><ID><![CDATA[{7C075C25-D0C3-40BD-85EE-E184FF051A89}]]></ID><Comment><![CDATA[]]></Comment><GPODisplayName><![CDATA[Default Domain Controllers Policy]]></GPODisplayName></BackupInst><BackupInst><GPOGuid><![CDATA[{F4EE0870-E221-4E37-ADD9-93D29BE1E541}]]></GPOGuid><GPODomain><![CDATA[awesome.com]]></GPODomain><GPODomainGuid><![CDATA[{99be404f-e0e4-4c8a-9671-cdd70daae8ae}]]></GPODomainGuid><GPODomainController><![CDATA[WIN-OST5JSRD26D.awesome.com]]></GPODomainController><BackupTime><![CDATA[2024-03-13T19:46:19]]></BackupTime><ID><![CDATA[{E3E48A8A-B2D0-4167-A91B-8F890533291B}]]></ID><Comment><![CDATA[]]></Comment><GPODisplayName><![CDATA[ADDS (LDAP)]]></GPODisplayName></BackupInst></Backups>