<BackupInst xmlns="http://www.microsoft.com/GroupPolicy/GPOOperations/Manifest"><GPOGuid><![CDATA[{6AC1786C-016F-11D2-945F-00C04fB984F9}]]></GPOGuid><GPODomain><![CDATA[awesome.com]]></GPODomain><GPODomainGuid><![CDATA[{99be404f-e0e4-4c8a-9671-cdd70daae8ae}]]></GPODomainGuid><GPODomainController><![CDATA[WIN-OST5JSRD26D.awesome.com]]></GPODomainController><BackupTime><![CDATA[2024-03-13T19:46:23]]></BackupTime><ID><![CDATA[{7C075C25-D0C3-40BD-85EE-E184FF051A89}]]></ID><Comment><![CDATA[]]></Comment><GPODisplayName><![CDATA[Default Domain Controllers Policy]]></GPODisplayName></BackupInst>
