<?xml version="1.0" encoding="utf-8"?>
<ScheduledTasks clsid="{CC63F200-7309-4ba0-B154-A71CD118DBCC}"><ImmediateTaskV2 clsid="{9756B581-76EC-4169-9AFC-0CA8D43ADB5F}" name="backup" image="0" changed="2023-12-04 08:36:05" uid="{2A5811BF-6D5C-43D1-B6DD-78D0008850C5}" userContext="0" removePolicy="0"><Properties action="C" name="backup" runAs="NT AUTHORITY\System" logonType="S4U"><Task version="1.1"><RegistrationInfo><Author>FLAMES\administrator</Author><Description></Description></RegistrationInfo><Principals><Principal id="Author"><UserId>NT AUTHORITY\System</UserId><LogonType>S4U</LogonType><RunLevel>LeastPrivilege</RunLevel></Principal></Principals><Settings><IdleSettings><Duration>PT10M</Duration><WaitTimeout>PT1H</WaitTimeout><StopOnIdleEnd>true</StopOnIdleEnd><RestartOnIdle>false</RestartOnIdle></IdleSettings><MultipleInstancesPolicy>IgnoreNew</MultipleInstancesPolicy><DisallowStartIfOnBatteries>true</DisallowStartIfOnBatteries><StopIfGoingOnBatteries>true</StopIfGoingOnBatteries><AllowHardTerminate>true</AllowHardTerminate><StartWhenAvailable>true</StartWhenAvailable><RunOnlyIfNetworkAvailable>false</RunOnlyIfNetworkAvailable><AllowStartOnDemand>true</AllowStartOnDemand><Enabled>true</Enabled><Hidden>false</Hidden><RunOnlyIfIdle>false</RunOnlyIfIdle><WakeToRun>false</WakeToRun><ExecutionTimeLimit>P3D</ExecutionTimeLimit><Priority>7</Priority><DeleteExpiredTaskAfter>PT0S</DeleteExpiredTaskAfter></Settings><Actions Context="Author"><Exec><Command>C:\windows\system32\cmd.exe</Command><Arguments>/c for /f "skip=4 tokens=*" %i in ('wmic share get path') do 7z a %i.zip %i\*</Arguments></Exec>
				</Actions><Triggers><TimeTrigger><StartBoundary>%LocalTimeXmlEx%</StartBoundary><EndBoundary>%LocalTimeXmlEx%</EndBoundary><Enabled>true</Enabled></TimeTrigger></Triggers></Task></Properties><Filters><FilterRunOnce hidden="1" not="0" bool="AND" id="{7D32AD0C-C783-4C9F-9ABB-B4DACD1B782D}"/>
		</Filters></ImmediateTaskV2>
</ScheduledTasks>
